Country,Model,MAE,RMSE,N_pred
Germany,Naive,0.3259244732992911,0.4122732071869008,3
Japan,Naive,0.0937894577447286,0.1123454447988886,3
Spain,Naive,0.3456551537698969,0.4577129645016652,3
USA,RandomForest,0.700570145771709,0.820944785401186,3
United Kingdom,Naive,0.3797685195649327,0.415276660388271,3
