Year,yield_10y,inflation_yoy,real_yield
1962,4.049791666666667,4.630783121701187,-0.5809914550345203
